{"cameraMode":{"drawMode":0,"name":"Shaded","section":"Shading Mode"},"sceneLighting":true,"audioPlay":false,"sceneViewState":{"m_AlwaysRefresh":false,"showFog":true,"showSkybox":true,"showFlares":true,"showImageEffects":true,"showParticleSystems":true,"showVisualEffectGraphs":true,"m_FxEnabled":true},"in2DMode":false,"pivot":{"x":2.839359760284424,"y":-2.3715100288391115,"z":-0.05778751149773598},"rotation":{"x":0.26042798161506655,"y":0.6569318771362305,"z":-0.25995969772338869,"w":0.6581143736839294},"size":4.638525009155273,"orthographic":false}